comment,label
  外卖送达速度超快，食物热度保持得非常好，口感美味，绝对五星好评！,2
  餐品包装精致，食物色香味俱全，是我吃过的最好吃的外卖之一，强烈推荐！,2
  第一次尝试这家店，味道出乎意料的好，服务态度也很棒，一定会再次光顾。,2
  从下单到收餐，全程体验流畅，菜品新鲜，烹饪技艺高超，非常满意。,2
  外卖小哥准时送达，餐品热腾腾的，口感鲜美，绝对是我的外卖首选！,2
  店家的服务态度超级好，解答问题耐心细致，食物更是美味可口，点赞！,2
  食物分量十足，口味地道，价格实惠，性价比超高，下次还会再订。,2
  这家外卖的菜品丰富多样，每一道都做得非常精致，让人食欲大增。,2
 快速准确的送餐服务，食物口感极佳，尤其是那道招牌菜，简直是人间美味。,2
   餐厅环境干净卫生，外卖打包也非常讲究，食物口感和店内一样好，非常满意。,2
   外卖小哥风雨无阻，准时送达，餐品温度适中，口感鲜美，值得信赖。,2
   餐厅的菜品新鲜，烹饪火候恰到好处，味道醇厚，是我吃过最棒的外卖之一。,2
  点了多次这家外卖，每次都让我惊艳，无论是口味还是服务质量，都是一流的。,2
   非常喜欢这家餐厅的菜品，独特美味，而且营养均衡，是我健康生活的必备之选。,2
   外卖包装严密，食物保温效果好，口感依旧出色，真的是物超所值。,2
   这家餐厅的外卖品质始终如一，无论是食材的新鲜度还是烹饪技术都让人赞叹不已。,2
   外卖小哥的态度非常友善，送餐速度超快，食物的口感和温度都保持得非常好。,2
   餐品的摆盘非常精美，每一口都充满了惊喜，绝对是视觉和味觉的双重享受。,2
   点了这家的特色菜品，味道独特且美味，让人回味无穷，绝对值得推荐。,2
   从下单到收餐的全过程都非常顺畅，店家的服务态度非常好，让人感到非常舒心。,2
   这家外卖的价格非常亲民，但食物的质量和口味却丝毫不打折扣，性价比极高。,2
   餐厅对食物的烹饪和调味有着独到的见解，每一道菜都让人感到惊艳。,2
   外卖的包装非常结实，即使在运输过程中也不会有任何损坏，保护了食物的完整性。,2
   这家餐厅的菜品丰富多样，满足了我对各种口味的需求，每次点餐都有新的发现。,2
   食物的口感醇厚，香气扑鼻，让人忍不住一口接一口，真的是太好吃了！,2
这家餐厅的外卖品质始终如一，无论是食材的新鲜度还是烹饪技术都让人赞叹不已。 ,2
外卖小哥的态度非常友善，送餐速度超快，食物的口感和温度都保持得非常好。,2
 餐品的摆盘非常精美，每一口都充满了惊喜，绝对是视觉和味觉的双重享受。,2
 点了这家的特色菜品，味道独特且美味，让人回味无穷，绝对值得推荐。 ,2
从下单到收餐的全过程都非常顺畅，店家的服务态度非常好，让人感到非常舒心。,2
 这家外卖的价格非常亲民，但食物的质量和口味却丝毫不打折扣，性价比极高。,2
 餐厅对食物的烹饪和调味有着独到的见解，每一道菜都让人感到惊艳。,2
 外卖的包装非常结实，即使在运输过程中也不会有任何损坏，保护了食物的完整性。,2
 这家餐厅的菜品丰富多样，满足了我对各种口味的需求，每次点餐都有新的发现。,2
 食物的口感醇厚，香气扑鼻，让人忍不住一口接一口，真的是太好吃了,2
好吃,2
食物送达时的温度控制有待改进，低温可能影响食物的口感和顾客的食欲。,0
外卖包装的坚固性需要加强，以减少在运输过程中食物的损失。,0
实际餐品的分量与描述不符，可能会让顾客感觉性价比不高。,0
订单中出现部分菜品遗漏的情况，这会降低整体用餐体验。,0
食物的口味可能较为平淡，调味不足，无法满足所有顾客的个人口味偏好。,0
配送时间超出了预期，可能导致饭菜变凉，影响食用体验。,0
送餐人员的服务态度需要提升，提供良好的送餐体验对顾客满意度至关重要。,0
餐厅的菜单更新应及时，确保菜品信息与实际提供的菜品一致。,0
烹饪火候的掌握需要更加精准，避免部分菜品过熟或过生。,0
餐品中的食材新鲜度应得到保证，以维护口感和品质。,0
在保证食物安全的前提下，考虑减少外卖包装材料的使用，以减轻对环境的影响。,0
订单处理过程中的错误，如送错菜品，应通过改进流程来减少此类问题的发生。,0
餐厅的卫生状况需得到改善，以增强顾客对食物安全的信任感。,0
食物送达时的温度较低，影响了口感和食欲。,0
外卖包装不够牢固，导致食物在运输过程中有所损失。,0
实际收到的餐品分量与描述存在差距，感觉性价比较低。,0
订单中部分菜品遗漏，对整体用餐体验造成影响。,0
食物的口味较为平淡，调味不够充足，不符合个人喜好。,0
配送时间超过了预期，导致饭菜变凉。,0
送餐人员的服务态度有待提升，未能提供良好的送餐体验。,0
餐厅的菜单更新不够及时，有些菜品信息与实际不符。,0
食物的烹饪火候掌握不佳，部分菜品过熟或过生。,0
餐品中的食材新鲜度不足，影响了口感和品质。,0
外卖包装材料过多，对环境造成不必要的负担。,0
订单处理过程中出现错误，送来的菜品不是所订购的。,0
餐厅的卫生状况令人担忧，影响了食物的安全感。,0
不好吃,0
不要点,0
食物味道尚可，但送达时间稍微有些延迟。,1
外卖包装一般，没有食物泄漏的问题，但可以提升包装的精致度。,1
菜品分量适中，但口感略显平淡，建议加强调味。,1
配送员服务态度良好，但送达时食物已经微微变凉。,1
菜单种类丰富，但部分菜品的描述不够详细，选择时有些困扰。,1
烹饪技巧值得肯定，但某些食材的新鲜度有待提高。,1
订单处理基本准确，但偶尔会出现小错误，如漏放餐具。,1
虽未能亲自体验餐厅环境，据说环境不错。,1
包装材料环保，但防护效果一般，可能影响食物的完整性。,1
价格相对合理，但与同类型餐厅相比，性价比稍显不足。,1
食物的整体质量不错，但如果能在烹饪时间上稍作调整，可能会有更好的口感。,1
外卖送达的速度在可接受范围内，但如果能稍微提前一些会更好。,1
菜品的摆盘较为简单，虽然不影响口味，但提升视觉效果会增加用餐体验。,1
配送员的态度友好，但在沟通方面有些许欠缺，建议加强培训。,1
菜单更新较为频繁，有时难以找到之前喜欢的菜品，希望保持一定的稳定性。,1
部分菜品的口味偏重，对于偏好清淡口味的顾客来说可能不太适应。,1
订单处理过程中偶尔会出现小错误，例如误将特殊要求标注在错误的菜品上。,1
尽管未能实地考察，但从外卖包装可以看出餐厅对环保的重视，值得赞扬。,1
食物的保温措施做得一般，建议采用更有效的保温材料以保持食物温度。,1
价格与市场平均水平相当，但若能提供更多的优惠活动或套餐选择会更具吸引力。,1
